{"cameraMode":{"drawMode":0,"name":"Shaded","section":"Shading Mode"},"sceneLighting":true,"audioPlay":false,"sceneViewState":{"m_AlwaysRefresh":false,"showFog":true,"showSkybox":true,"showFlares":true,"showImageEffects":true,"showParticleSystems":true,"showVisualEffectGraphs":true,"m_FxEnabled":true},"in2DMode":false,"pivot":{"x":0.9498331546783447,"y":-3.1640350818634035,"z":-0.6718801259994507},"rotation":{"x":0.5446402430534363,"y":-0.01394131314009428,"z":0.009503466077148915,"w":0.838584840297699},"size":9.209752082824707,"orthographic":false}